"Time Period","Activities","Total Distance","Total Activity Time","Activity Calories","Total Ascent","Average Speed","Average Heart Rate","Average Run Cadence","Average Bike Cadence"
"07/03/2022","2","5.72 mi","46:36 h:m:s","643","102 ft","7.4 mph","141 bpm","177 spm","--"
"06/26/2022","2","9.66 mi","1:15:52 h:m:s","1,071","135 ft","7.6 mph","151 bpm","179 spm","--"
"06/19/2022","1","4.53 mi","51:19 h:m:s","572","453 ft","5.3 mph","138 bpm","157 spm","--"
"06/12/2022","1","4.82 mi","38:18 h:m:s","514","75 ft","7.5 mph","147 bpm","178 spm","--"
"06/05/2022","3","15.11 mi","2:57:30 h:m:s","2,053","2,090 ft","5.1 mph","142 bpm","154 spm","--"
"05/29/2022","1","4.82 mi","37:59 h:m:s","561","82 ft","7.6 mph","154 bpm","180 spm","--"
"05/22/2022","3","14.47 mi","1:51:30 h:m:s","1,642","223 ft","7.8 mph","153 bpm","183 spm","--"
"05/15/2022","2","12.54 mi","1:39:22 h:m:s","1,370","180 ft","7.6 mph","149 bpm","181 spm","--"
"05/08/2022","3","17.70 mi","2:19:17 h:m:s","1,956","226 ft","7.6 mph","150 bpm","183 spm","--"
"05/01/2022","2","12.21 mi","1:37:17 h:m:s","1,342","149 ft","7.5 mph","149 bpm","183 spm","--"
"04/24/2022","2","11.67 mi","1:33:49 h:m:s","1,260","197 ft","7.5 mph","147 bpm","181 spm","--"
"04/17/2022","1","2.26 mi","18:05 h:m:s","248","89 ft","7.5 mph","147 bpm","179 spm","--"
"04/03/2022","2","33.46 mi","7:12:53 h:m:s","4,798","3,593 ft","4.6 mph","158 bpm","155 spm","--"
"03/27/2022","2","11.83 mi","1:34:46 h:m:s","1,286","203 ft","7.5 mph","149 bpm","181 spm","--"
"03/20/2022","2","14.71 mi","1:57:20 h:m:s","1,743","276 ft","7.5 mph","158 bpm","183 spm","--"
"03/13/2022","2","13.54 mi","1:45:48 h:m:s","1,494","161 ft","7.7 mph","150 bpm","183 spm","--"
"03/06/2022","2","5.61 mi","44:08 h:m:s","635","174 ft","7.6 mph","149 bpm","181 spm","--"
"02/27/2022","2","7.15 mi","1:00:08 h:m:s","833","194 ft","7.1 mph","148 bpm","171 spm","--"
"02/20/2022","2","34.71 mi","7:21:38 h:m:s","3,359","4,794 ft","4.7 mph","140 bpm","139 spm","--"
"02/13/2022","3","13.12 mi","2:00:55 h:m:s","1,458","443 ft","6.5 mph","127 bpm","154 spm","--"
"02/06/2022","3","21.26 mi","2:53:32 h:m:s","2,450","1,030 ft","7.3 mph","152 bpm","181 spm","--"
"01/30/2022","2","11.68 mi","1:32:29 h:m:s","1,332","171 ft","7.6 mph","155 bpm","182 spm","--"
"01/23/2022","3","20.44 mi","2:38:47 h:m:s","2,296","344 ft","7.7 mph","154 bpm","183 spm","--"
"01/16/2022","1","8.28 mi","1:15:11 h:m:s","1,105","509 ft","6.6 mph","161 bpm","175 spm","--"
"01/09/2022","3","17.77 mi","3:58:23 h:m:s","2,400","1,272 ft","4.5 mph","135 bpm","133 spm","--"
"01/02/2022","2","9.17 mi","1:20:12 h:m:s","1,181","213 ft","6.9 mph","157 bpm","178 spm","--"
"12/26/2021","2","5.41 mi","2:13:48 h:m:s","1,028","896 ft","2.4 mph","112 bpm","72 spm","--"
"12/19/2021","1","6.25 mi","54:25 h:m:s","636","354 ft","6.9 mph","138 bpm","174 spm","--"
"12/12/2021","2","12.48 mi","1:45:09 h:m:s","1,564","377 ft","7.1 mph","157 bpm","179 spm","--"
"12/05/2021","2","8.03 mi","1:05:36 h:m:s","881","92 ft","7.3 mph","144 bpm","181 spm","--"
"11/28/2021","4","77.80 mi","18:40:44 h:m:s","9,647","5,944 ft","4.2 mph","145 bpm","157 spm","--"
"11/21/2021","2","3.75 mi","32:57 h:m:s","470","69 ft","6.8 mph","150 bpm","171 spm","--"
"11/14/2021","3","24.99 mi","3:36:55 h:m:s","3,255","1,463 ft","6.9 mph","157 bpm","178 spm","--"
"11/07/2021","2","22.93 mi","3:18:31 h:m:s","2,579","1,020 ft","6.9 mph","153 bpm","176 spm","--"
"10/31/2021","3","31.16 mi","5:20:25 h:m:s","4,702","2,375 ft","5.8 mph","165 bpm","171 spm","--"
"10/24/2021","3","29.44 mi","4:30:51 h:m:s","3,791","1,991 ft","6.5 mph","156 bpm","176 spm","--"
"10/17/2021","2","18.16 mi","2:35:48 h:m:s","2,289","1,247 ft","7.0 mph","158 bpm","180 spm","--"
"10/10/2021","2","18.23 mi","2:50:18 h:m:s","2,223","1,112 ft","6.4 mph","152 bpm","175 spm","--"
"10/03/2021","2","18.22 mi","2:52:30 h:m:s","2,143","1,060 ft","6.3 mph","146 bpm","173 spm","--"
"09/26/2021","3","21.82 mi","3:21:20 h:m:s","2,738","1,070 ft","6.5 mph","152 bpm","173 spm","--"
"09/19/2021","3","18.16 mi","2:26:07 h:m:s","2,031","272 ft","7.5 mph","151 bpm","181 spm","--"
"09/12/2021","2","12.06 mi","2:04:42 h:m:s","1,660","902 ft","5.8 mph","151 bpm","168 spm","--"
"09/05/2021","2","9.89 mi","1:29:36 h:m:s","1,184","627 ft","6.6 mph","146 bpm","175 spm","--"
"08/29/2021","2","9.65 mi","1:19:46 h:m:s","1,061","249 ft","7.3 mph","148 bpm","178 spm","--"
"08/22/2021","1","4.76 mi","39:14 h:m:s","553","72 ft","7.3 mph","153 bpm","179 spm","--"
"08/15/2021","2","9.63 mi","1:18:47 h:m:s","1,097","135 ft","7.3 mph","152 bpm","181 spm","--"
"08/08/2021","1","4.27 mi","35:37 h:m:s","473","62 ft","7.2 mph","146 bpm","178 spm","--"
"08/01/2021","3","11.88 mi","1:52:21 h:m:s","1,376","167 ft","6.3 mph","143 bpm","165 spm","--"
"07/25/2021","1","4.01 mi","34:19 h:m:s","465","75 ft","7.0 mph","150 bpm","173 spm","--"
"07/11/2021","1","5.24 mi","1:03:12 h:m:s","751","614 ft","5.0 mph","142 bpm","154 spm","--"
"07/04/2021","1","4.83 mi","40:20 h:m:s","556","92 ft","7.2 mph","150 bpm","176 spm","--"
"06/27/2021","1","4.81 mi","39:06 h:m:s","567","85 ft","7.4 mph","154 bpm","180 spm","--"
"06/20/2021","2","10.76 mi","1:25:45 h:m:s","1,228","144 ft","7.5 mph","152 bpm","183 spm","--"
"06/13/2021","2","8.68 mi","1:24:29 h:m:s","993","253 ft","6.2 mph","129 bpm","160 spm","--"
"05/30/2021","2","6.02 mi","52:36 h:m:s","641","82 ft","6.9 mph","128 bpm","166 spm","--"
"05/23/2021","3","10.31 mi","1:48:53 h:m:s","1,198","135 ft","5.7 mph","131 bpm","157 spm","--"
"05/16/2021","4","16.97 mi","3:00:18 h:m:s","1,782","531 ft","5.6 mph","121 bpm","148 spm","--"
"05/09/2021","2","5.41 mi","1:14:43 h:m:s","592","49 ft","4.3 mph","113 bpm","140 spm","--"
"05/02/2021","4","17.30 mi","2:54:40 h:m:s","1,341","587 ft","5.9 mph","107 bpm","158 spm","--"
"04/25/2021","3","8.23 mi","1:31:45 h:m:s","798","161 ft","5.4 mph","114 bpm","150 spm","--"
"04/18/2021","5","19.14 mi","3:20:39 h:m:s","2,197","735 ft","5.7 mph","133 bpm","155 spm","--"
"04/11/2021","1","6.33 mi","50:37 h:m:s","699","381 ft","7.5 mph","152 bpm","179 spm","--"
"04/04/2021","2","12.06 mi","1:35:21 h:m:s","1,353","715 ft","7.6 mph","154 bpm","179 spm","--"
"03/28/2021","1","14.27 mi","2:13:18 h:m:s","534","171 ft","6.4 mph","86 bpm","--","--"
"03/21/2021","2","14.96 mi","1:58:10 h:m:s","1,693","856 ft","7.6 mph","155 bpm","180 spm","--"
"03/14/2021","1","5.60 mi","44:20 h:m:s","628","305 ft","7.6 mph","152 bpm","179 spm","--"
"03/07/2021","2","12.68 mi","1:42:36 h:m:s","1,354","801 ft","7.4 mph","145 bpm","179 spm","--"
"02/28/2021","2","9.02 mi","1:18:09 h:m:s","1,077","758 ft","6.9 mph","147 bpm","172 spm","--"
"02/21/2021","1","6.00 mi","47:23 h:m:s","628","135 ft","7.6 mph","144 bpm","182 spm","--"
"02/14/2021","2","13.59 mi","1:47:32 h:m:s","1,601","217 ft","7.6 mph","156 bpm","184 spm","--"
"02/07/2021","2","8.41 mi","1:06:12 h:m:s","904","154 ft","7.6 mph","142 bpm","181 spm","--"
"01/31/2021","2","14.31 mi","2:05:50 h:m:s","1,734","738 ft","6.8 mph","149 bpm","176 spm","--"
"01/24/2021","2","16.05 mi","2:02:23 h:m:s","1,726","272 ft","7.9 mph","150 bpm","184 spm","--"
"01/17/2021","1","8.08 mi","1:02:36 h:m:s","839","210 ft","7.7 mph","147 bpm","183 spm","--"
"01/10/2021","2","14.03 mi","1:50:41 h:m:s","1,529","197 ft","7.6 mph","150 bpm","183 spm","--"
"01/03/2021","2","18.10 mi","2:23:38 h:m:s","2,011","443 ft","7.6 mph","152 bpm","182 spm","--"
"12/27/2020","2","17.87 mi","2:20:19 h:m:s","1,936","410 ft","7.6 mph","153 bpm","185 spm","--"
"12/20/2020","1","7.01 mi","53:18 h:m:s","819","108 ft","7.9 mph","164 bpm","184 spm","--"
"12/13/2020","3","19.37 mi","2:24:54 h:m:s","1,900","249 ft","8.0 mph","148 bpm","184 spm","--"
"12/06/2020","2","8.32 mi","1:06:56 h:m:s","927","190 ft","7.5 mph","146 bpm","181 spm","--"
"11/29/2020","4","40.71 mi","8:18:33 h:m:s","5,883","3,248 ft","4.9 mph","146 bpm","153 spm","--"
"11/22/2020","1","9.51 mi","1:38:06 h:m:s","1,426","997 ft","5.8 mph","157 bpm","166 spm","--"
"11/15/2020","2","14.97 mi","1:55:35 h:m:s","1,605","646 ft","7.8 mph","148 bpm","183 spm","--"
"11/08/2020","3","14.79 mi","1:58:54 h:m:s","1,677","899 ft","7.5 mph","117 bpm","118 spm","--"
"11/01/2020","3","36.89 mi","3:47:00 h:m:s","2,906","1,457 ft","9.8 mph","147 bpm","183 spm","--"
"10/25/2020","2","14.99 mi","1:54:15 h:m:s","1,632","843 ft","7.9 mph","150 bpm","182 spm","--"
"10/18/2020","2","14.65 mi","1:54:47 h:m:s","1,589","840 ft","7.7 mph","148 bpm","180 spm","--"
"10/11/2020","3","18.24 mi","2:29:34 h:m:s","2,159","755 ft","7.3 mph","151 bpm","178 spm","--"
"10/04/2020","3","20.62 mi","2:46:46 h:m:s","2,351","614 ft","7.4 mph","147 bpm","180 spm","--"
"09/27/2020","2","14.29 mi","1:47:25 h:m:s","1,520","318 ft","8.0 mph","148 bpm","183 spm","--"
"09/20/2020","3","17.89 mi","2:15:56 h:m:s","1,876","259 ft","7.9 mph","147 bpm","183 spm","--"
"09/13/2020","2","14.48 mi","2:17:10 h:m:s","1,754","906 ft","6.3 mph","148 bpm","171 spm","--"
"09/06/2020","3","14.21 mi","3:14:18 h:m:s","1,703","971 ft","4.4 mph","131 bpm","148 spm","--"
"08/30/2020","2","10.15 mi","1:25:10 h:m:s","1,138","390 ft","7.2 mph","144 bpm","175 spm","--"
"08/23/2020","3","13.37 mi","1:43:57 h:m:s","1,495","348 ft","7.7 mph","151 bpm","181 spm","--"
"08/16/2020","6","16.51 mi","4:27:10 h:m:s","1,712","928 ft","3.7 mph","120 bpm","142 spm","--"
"08/09/2020","4","16.57 mi","2:39:01 h:m:s","2,092","1,335 ft","6.3 mph","145 bpm","172 spm","--"
"08/02/2020","4","15.42 mi","1:58:10 h:m:s","1,130","390 ft","7.8 mph","125 bpm","179 spm","--"
"07/26/2020","5","17.76 mi","2:15:51 h:m:s","1,455","322 ft","7.8 mph","138 bpm","181 spm","--"
"07/19/2020","3","11.18 mi","3:23:59 h:m:s","1,320","1,142 ft","3.3 mph","128 bpm","144 spm","--"
"07/12/2020","3","7.01 mi","55:38 h:m:s","728","92 ft","7.6 mph","144 bpm","181 spm","--"
"07/05/2020","4","6.82 mi","1:03:54 h:m:s","709","125 ft","6.4 mph","127 bpm","165 spm","--"
"06/28/2020","1","8.34 mi","1:11:01 h:m:s","403","230 ft","7.0 mph","100 bpm","--","--"
"06/14/2020","2","6.11 mi","1:11:08 h:m:s","753","82 ft","5.2 mph","114 bpm","183 spm","--"
"05/31/2020","6","17.25 mi","5:44:31 h:m:s","2,440","1,319 ft","3.0 mph","107 bpm","145 spm","--"
"05/24/2020","4","4.82 mi","3:09:45 h:m:s","1,267","66 ft","1.5 mph","105 bpm","182 spm","--"
"05/17/2020","2","14.01 mi","1:47:43 h:m:s","1,468","213 ft","7.8 mph","146 bpm","181 spm","--"
"05/10/2020","3","13.26 mi","1:50:08 h:m:s","1,553","213 ft","7.2 mph","146 bpm","169 spm","--"
"05/03/2020","2","12.69 mi","1:35:53 h:m:s","1,334","249 ft","7.9 mph","147 bpm","181 spm","--"
"04/26/2020","2","12.94 mi","1:37:25 h:m:s","1,319","535 ft","8.0 mph","145 bpm","182 spm","--"
"04/19/2020","2","12.61 mi","1:35:23 h:m:s","1,356","213 ft","7.9 mph","150 bpm","182 spm","--"
"04/12/2020","2","12.91 mi","1:37:19 h:m:s","1,399","587 ft","8.0 mph","153 bpm","182 spm","--"
"04/05/2020","2","12.83 mi","1:34:49 h:m:s","1,301","614 ft","8.1 mph","148 bpm","184 spm","--"
"03/29/2020","3","18.35 mi","2:19:23 h:m:s","1,984","423 ft","7.9 mph","152 bpm","182 spm","--"
"03/22/2020","2","14.21 mi","1:47:36 h:m:s","1,230","338 ft","7.9 mph","135 bpm","184 spm","--"
"03/15/2020","3","10.18 mi","1:23:38 h:m:s","1,169","535 ft","7.3 mph","150 bpm","173 spm","--"
"03/08/2020","3","20.05 mi","2:32:10 h:m:s","2,096","1,709 ft","7.9 mph","150 bpm","183 spm","--"
"03/01/2020","1","7.09 mi","1:04:57 h:m:s","890","630 ft","6.6 mph","152 bpm","173 spm","--"
"02/23/2020","3","42.21 mi","7:41:58 h:m:s","5,425","5,568 ft","5.5 mph","156 bpm","169 spm","--"
"02/16/2020","2","17.32 mi","2:51:28 h:m:s","2,524","1,325 ft","6.1 mph","158 bpm","172 spm","--"
"02/09/2020","3","16.95 mi","2:30:19 h:m:s","1,993","512 ft","6.8 mph","148 bpm","166 spm","--"
"02/02/2020","3","17.69 mi","2:20:16 h:m:s","1,954","348 ft","7.6 mph","153 bpm","181 spm","--"
"01/26/2020","2","9.03 mi","1:11:09 h:m:s","1,034","226 ft","7.6 mph","156 bpm","181 spm","--"
"01/19/2020","1","2.31 mi","18:23 h:m:s","257","49 ft","7.5 mph","149 bpm","179 spm","--"
"01/05/2020","3","20.85 mi","2:42:46 h:m:s","2,461","1,089 ft","7.7 mph","158 bpm","180 spm","--"
"12/29/2019","2","12.16 mi","1:33:32 h:m:s","1,288","299 ft","7.8 mph","148 bpm","182 spm","--"
"12/22/2019","1","6.08 mi","46:01 h:m:s","681","121 ft","7.9 mph","157 bpm","183 spm","--"
"12/15/2019","2","9.42 mi","1:13:00 h:m:s","1,096","430 ft","7.7 mph","158 bpm","183 spm","--"
"12/01/2019","3","68.81 mi","16:31:48 h:m:s","9,713","6,673 ft","4.2 mph","148 bpm","157 spm","--"
"11/24/2019","3","12.71 mi","1:43:53 h:m:s","1,140","272 ft","7.3 mph","123 bpm","182 spm","--"
"11/17/2019","2","21.12 mi","3:25:47 h:m:s","2,884","2,024 ft","6.2 mph","160 bpm","169 spm","--"
"11/10/2019","2","24.47 mi","4:20:56 h:m:s","3,558","1,890 ft","5.6 mph","158 bpm","168 spm","--"
"11/03/2019","3","25.02 mi","3:21:11 h:m:s","2,933","912 ft","7.5 mph","153 bpm","179 spm","--"
"10/27/2019","2","20.80 mi","3:26:07 h:m:s","2,944","1,549 ft","6.1 mph","156 bpm","173 spm","--"
"10/20/2019","2","18.79 mi","3:02:36 h:m:s","2,704","1,460 ft","6.2 mph","159 bpm","173 spm","--"
"10/13/2019","2","10.40 mi","1:44:33 h:m:s","1,063","479 ft","6.0 mph","130 bpm","161 spm","--"
"10/06/2019","1","4.29 mi","31:43 h:m:s","458","92 ft","8.1 mph","150 bpm","184 spm","--"
"09/29/2019","3","47.88 mi","8:34:42 h:m:s","6,375","4,216 ft","5.6 mph","154 bpm","169 spm","--"
"09/22/2019","2","12.87 mi","1:38:41 h:m:s","1,363","686 ft","7.8 mph","149 bpm","184 spm","--"
"09/15/2019","1","7.70 mi","58:52 h:m:s","782","430 ft","7.8 mph","148 bpm","184 spm","--"
"09/08/2019","4","38.10 mi","5:38:12 h:m:s","2,912","1,329 ft","6.8 mph","130 bpm","140 spm","--"
"09/01/2019","2","11.62 mi","1:28:00 h:m:s","1,249","213 ft","7.9 mph","155 bpm","183 spm","--"
"08/25/2019","3","10.04 mi","2:42:37 h:m:s","1,267","1,138 ft","3.7 mph","119 bpm","136 spm","--"
"08/18/2019","3","14.00 mi","3:27:40 h:m:s","1,927","988 ft","4.0 mph","139 bpm","126 spm","--"
"08/11/2019","1","4.55 mi","37:15 h:m:s","552","49 ft","7.3 mph","157 bpm","180 spm","--"
"08/04/2019","2","10.32 mi","1:18:53 h:m:s","1,177","174 ft","7.9 mph","156 bpm","182 spm","--"
"07/28/2019","4","22.70 mi","2:57:33 h:m:s","1,915","604 ft","7.7 mph","128 bpm","158 spm","--"
"07/21/2019","1","6.03 mi","43:55 h:m:s","672","85 ft","8.2 mph","159 bpm","186 spm","--"
"07/14/2019","3","12.42 mi","1:39:44 h:m:s","1,445","141 ft","7.5 mph","153 bpm","185 spm","--"
"07/07/2019","4","7.73 mi","1:18:16 h:m:s","976","410 ft","5.9 mph","136 bpm","184 spm","--"
"06/30/2019","1","3.29 mi","49:33 h:m:s","339","102 ft","4.0 mph","94 bpm","136 spm","--"
"06/23/2019","2","11.62 mi","1:51:59 h:m:s","1,429","1,093 ft","6.2 mph","144 bpm","160 spm","--"
"06/16/2019","2","11.92 mi","1:29:45 h:m:s","1,277","492 ft","8.0 mph","148 bpm","184 spm","--"
"06/09/2019","5","42.92 mi","6:26:11 h:m:s","3,763","1,184 ft","6.7 mph","125 bpm","172 spm","--"
"06/02/2019","3","18.24 mi","2:14:43 h:m:s","1,949","381 ft","8.1 mph","151 bpm","185 spm","--"
"05/26/2019","3","17.64 mi","2:14:36 h:m:s","2,036","531 ft","7.9 mph","154 bpm","180 spm","--"
"05/19/2019","2","12.33 mi","1:30:19 h:m:s","1,360","299 ft","8.2 mph","151 bpm","185 spm","--"
"05/12/2019","3","20.07 mi","2:26:37 h:m:s","2,185","430 ft","8.2 mph","152 bpm","186 spm","--"
"05/05/2019","3","16.10 mi","2:30:17 h:m:s","2,172","295 ft","6.4 mph","152 bpm","172 spm","--"
"04/28/2019","3","22.19 mi","2:44:43 h:m:s","2,423","436 ft","8.1 mph","153 bpm","185 spm","--"
"04/21/2019","3","16.47 mi","2:04:16 h:m:s","1,789","295 ft","8.0 mph","151 bpm","183 spm","--"
"04/14/2019","3","10.38 mi","2:13:28 h:m:s","1,567","210 ft","4.7 mph","136 bpm","149 spm","--"
"04/07/2019","2","11.29 mi","1:26:56 h:m:s","1,200","285 ft","7.8 mph","147 bpm","181 spm","--"
"03/31/2019","2","11.21 mi","1:25:01 h:m:s","1,203","246 ft","7.9 mph","150 bpm","183 spm","--"
"03/24/2019","3","15.70 mi","2:20:27 h:m:s","2,110","758 ft","6.7 mph","157 bpm","176 spm","--"
"03/17/2019","1","2.76 mi","20:28 h:m:s","289","108 ft","8.1 mph","150 bpm","184 spm","--"
"03/10/2019","1","0.15 mi","11:03 h:m:s","161","30 ft","0.8 mph","151 bpm","172 spm","--"
"02/10/2019","1","1.23 mi","9:24.0 h:m:s","123","43 ft","7.8 mph","136 bpm","185 spm","--"
"02/03/2019","2","14.73 mi","1:47:08 h:m:s","1,660","646 ft","8.3 mph","160 bpm","187 spm","--"
"01/27/2019","2","12.55 mi","1:57:18 h:m:s","1,728","1,181 ft","6.4 mph","156 bpm","170 spm","--"
"01/20/2019","2","14.05 mi","1:42:51 h:m:s","1,523","387 ft","8.2 mph","154 bpm","188 spm","--"
"01/13/2019","1","6.02 mi","46:37 h:m:s","688","131 ft","7.8 mph","153 bpm","187 spm","--"
"01/06/2019","3","22.05 mi","2:40:46 h:m:s","2,348","620 ft","8.2 mph","154 bpm","187 spm","--"
"12/30/2018","3","24.08 mi","2:57:37 h:m:s","2,589","692 ft","8.1 mph","155 bpm","186 spm","--"
"12/23/2018","3","12.05 mi","1:39:26 h:m:s","1,321","220 ft","7.3 mph","154 bpm","173 spm","--"
"12/16/2018","1","8.01 mi","59:55 h:m:s","929","259 ft","8.0 mph","164 bpm","186 spm","--"
"12/09/2018","2","12.22 mi","1:32:51 h:m:s","1,277","341 ft","7.9 mph","150 bpm","182 spm","--"
"11/25/2018","3","113.30 mi","30:47:51 h:m:s","14,756","11,483 ft","3.7 mph","143 bpm","159 spm","--"
"11/18/2018","3","29.73 mi","4:47:56 h:m:s","4,180","2,405 ft","6.2 mph","164 bpm","171 spm","--"
"11/11/2018","2","20.28 mi","3:56:17 h:m:s","2,984","1,585 ft","5.1 mph","152 bpm","158 spm","--"
"11/04/2018","2","31.09 mi","5:28:12 h:m:s","4,301","2,835 ft","5.7 mph","156 bpm","166 spm","--"
"10/28/2018","3","18.97 mi","3:11:50 h:m:s","2,448","1,506 ft","5.9 mph","144 bpm","169 spm","--"
"10/21/2018","2","28.12 mi","5:16:11 h:m:s","3,861","3,038 ft","5.3 mph","150 bpm","159 spm","--"
"10/14/2018","2","25.13 mi","4:47:17 h:m:s","3,271","2,713 ft","5.2 mph","144 bpm","156 spm","--"
"10/07/2018","2","16.22 mi","2:52:03 h:m:s","2,096","1,322 ft","5.7 mph","148 bpm","168 spm","--"
"09/30/2018","3","22.55 mi","2:55:07 h:m:s","2,525","1,020 ft","7.7 mph","155 bpm","182 spm","--"
"09/23/2018","3","28.08 mi","3:40:10 h:m:s","3,099","951 ft","7.7 mph","153 bpm","183 spm","--"
"09/16/2018","2","18.04 mi","2:20:22 h:m:s","1,973","486 ft","7.7 mph","152 bpm","184 spm","--"
"09/09/2018","2","14.66 mi","1:53:42 h:m:s","1,595","1,037 ft","7.7 mph","153 bpm","182 spm","--"
"09/02/2018","2","13.37 mi","1:45:46 h:m:s","1,533","472 ft","7.6 mph","159 bpm","180 spm","--"
"08/26/2018","2","11.32 mi","1:28:54 h:m:s","1,268","482 ft","7.6 mph","154 bpm","180 spm","--"
"08/19/2018","2","8.29 mi","1:03:38 h:m:s","957","305 ft","7.8 mph","158 bpm","183 spm","--"
"08/12/2018","1","5.01 mi","40:12 h:m:s","594","43 ft","7.5 mph","154 bpm","179 spm","--"
"08/05/2018","1","2.63 mi","24:36 h:m:s","366","302 ft","6.4 mph","155 bpm","164 spm","--"
"07/29/2018","3","12.92 mi","1:44:26 h:m:s","1,363","190 ft","7.4 mph","142 bpm","178 spm","--"
"07/22/2018","2","14.65 mi","1:56:24 h:m:s","1,648","541 ft","7.6 mph","154 bpm","181 spm","--"
"07/15/2018","3","20.63 mi","2:39:45 h:m:s","2,373","423 ft","7.7 mph","158 bpm","182 spm","--"
"07/08/2018","3","8.96 mi","1:11:54 h:m:s","1,029","108 ft","7.5 mph","145 bpm","171 spm","--"
"07/01/2018","1","8.01 mi","1:02:47 h:m:s","938","171 ft","7.7 mph","157 bpm","183 spm","--"
"06/24/2018","2","10.36 mi","1:24:45 h:m:s","1,229","577 ft","7.3 mph","151 bpm","175 spm","--"
"06/17/2018","4","17.87 mi","3:28:27 h:m:s","1,555","584 ft","5.1 mph","117 bpm","141 spm","--"
"06/10/2018","1","4.80 mi","36:21 h:m:s","544","131 ft","7.9 mph","154 bpm","181 spm","--"
"06/03/2018","2","12.67 mi","1:35:14 h:m:s","1,413","312 ft","8.0 mph","153 bpm","183 spm","--"
"05/27/2018","2","10.69 mi","1:19:59 h:m:s","1,179","167 ft","8.0 mph","154 bpm","182 spm","--"
"05/20/2018","3","5.11 mi","34:24 h:m:s","366","200 ft","8.9 mph","130 bpm","178 spm","--"
"05/13/2018","3","30.21 mi","3:10:11 h:m:s","1,524","666 ft","9.5 mph","124 bpm","182 spm","--"
"05/06/2018","2","10.81 mi","1:23:02 h:m:s","1,215","525 ft","7.8 mph","157 bpm","181 spm","--"
"04/29/2018","1","6.00 mi","44:47 h:m:s","623","95 ft","8.0 mph","153 bpm","184 spm","--"
"04/22/2018","1","6.01 mi","45:23 h:m:s","643","115 ft","8.0 mph","154 bpm","183 spm","--"
"04/15/2018","1","4.35 mi","33:06 h:m:s","459","92 ft","7.9 mph","152 bpm","183 spm","--"
"04/08/2018","2","10.53 mi","1:19:59 h:m:s","1,069","243 ft","7.9 mph","148 bpm","183 spm","--"
"04/01/2018","2","53.34 mi","11:02:16 h:m:s","6,676","6,145 ft","4.8 mph","155 bpm","162 spm","--"
"03/25/2018","2","11.15 mi","1:39:16 h:m:s","1,266","1,398 ft","6.7 mph","149 bpm","158 spm","--"
"03/18/2018","1","6.41 mi","53:12 h:m:s","652","171 ft","7.2 mph","145 bpm","179 spm","--"
"03/11/2018","2","14.61 mi","1:54:02 h:m:s","1,600","856 ft","7.7 mph","159 bpm","183 spm","--"
"03/04/2018","3","17.52 mi","3:56:24 h:m:s","2,070","1,499 ft","4.4 mph","137 bpm","142 spm","--"
"02/25/2018","1","5.12 mi","40:58 h:m:s","537","112 ft","7.5 mph","150 bpm","178 spm","--"
"02/18/2018","3","37.52 mi","8:51:45 h:m:s","5,012","5,118 ft","4.2 mph","130 bpm","125 spm","--"
"02/11/2018","1","12.88 mi","2:17:08 h:m:s","1,990","1,201 ft","5.6 mph","158 bpm","158 spm","--"
"02/04/2018","2","24.02 mi","3:19:21 h:m:s","2,951","1,020 ft","7.2 mph","159 bpm","180 spm","--"
"01/28/2018","3","17.77 mi","3:39:35 h:m:s","2,019","1,260 ft","4.9 mph","132 bpm","146 spm","--"
"01/21/2018","4","23.54 mi","5:25:56 h:m:s","2,522","1,699 ft","4.3 mph","119 bpm","126 spm","--"
"01/14/2018","2","14.03 mi","1:48:22 h:m:s","1,594","410 ft","7.8 mph","159 bpm","182 spm","--"
"01/07/2018","1","8.03 mi","1:01:20 h:m:s","871","246 ft","7.9 mph","154 bpm","182 spm","--"
"12/31/2017","1","8.02 mi","1:02:37 h:m:s","900","381 ft","7.7 mph","156 bpm","181 spm","--"
"12/24/2017","1","4.82 mi","38:24 h:m:s","563","112 ft","7.5 mph","154 bpm","183 spm","--"
"12/17/2017","1","6.03 mi","44:12 h:m:s","653","115 ft","8.2 mph","156 bpm","183 spm","--"
"12/03/2017","2","13.11 mi","1:38:30 h:m:s","1,369","745 ft","8.0 mph","149 bpm","183 spm","--"
"11/26/2017","3","30.44 mi","7:12:11 h:m:s","3,562","2,615 ft","4.2 mph","138 bpm","160 spm","--"
"11/19/2017","1","8.01 mi","59:54 h:m:s","815","617 ft","8.0 mph","151 bpm","183 spm","--"
"11/12/2017","3","21.97 mi","2:59:15 h:m:s","2,630","1,076 ft","7.4 mph","153 bpm","178 spm","--"
"11/05/2017","2","22.74 mi","4:04:35 h:m:s","3,417","1,693 ft","5.6 mph","153 bpm","167 spm","--"
"10/29/2017","2","18.01 mi","2:14:42 h:m:s","2,032","440 ft","8.0 mph","156 bpm","184 spm","--"
"10/22/2017","3","24.83 mi","3:08:52 h:m:s","2,774","627 ft","7.9 mph","154 bpm","183 spm","--"
"10/15/2017","2","12.65 mi","1:35:44 h:m:s","1,422","728 ft","7.9 mph","158 bpm","181 spm","--"
"10/08/2017","3","29.58 mi","2:47:20 h:m:s","1,656","810 ft","10.6 mph","136 bpm","182 spm","--"
"10/01/2017","1","10.45 mi","1:20:37 h:m:s","1,176","354 ft","7.8 mph","157 bpm","181 spm","--"
"09/24/2017","4","21.00 mi","2:28:38 h:m:s","1,961","906 ft","8.5 mph","134 bpm","182 spm","--"
"09/17/2017","3","16.62 mi","2:48:43 h:m:s","1,864","433 ft","5.9 mph","133 bpm","181 spm","--"
"09/10/2017","4","23.88 mi","3:06:36 h:m:s","2,322","764 ft","7.7 mph","138 bpm","181 spm","--"
"09/03/2017","1","6.90 mi","53:54 h:m:s","683","200 ft","7.7 mph","153 bpm","176 spm","--"
"Summary","548","3,687.69 mi","592:08:49 h:m:s","426,502","193,920 ft","6.9 mph","146 bpm","173 spm","--"